{
    "DB_NAME": "homeathome_staging",
    "DB_USER": "stagingdbadmin",
    "DB_PASSWORD": "OXGKspA*4kh(8%#O6!mG",
    "DB_HOST": "homeathome-staging-db.cluster-cc07meej6xdq.us-west-2.rds.amazonaws.com",
    "DB_PORT": 3306,
    "NODE_ENV": "staging",
    "SECURITY_GROUP_ID": "sg-058ebc63c4a39591d",
    "SUBNET1_ID": "subnet-03b4bc9a2d0a1d145",
    "SUBNET2_ID": "subnet-0c465c49c2e72c23b",
    "SUBNET3_ID": "subnet-0b72389be57a1a961",
    "JWT_SECRET": "tOz)!2%O+=Q:y;N@",
    "JWT_EXPIRATION_TIME": "24h",
    "PHONE_COUNTRY_CODE": "+91",
    "S3_BUCKET_FOR_PRIVATE_FILES": "homestore-billing-private-staging",
    "S3_BUCKET_FOR_PRIVATE_FILES_REGION": "us-west-2",
    "FCM_SENDER_ID":"898375398005",
    "FCM_SERVER_KEY":"AAAA0StYsnU:APA91bFafHmmK-WKLalnsUB1Xe65wM78ok9Gw8y0XEW-BXDUcKbq_jpQecEuO6WvxYTDxiMices1mRcnNYSZBCUD1Gg7_5RHuQ5w9f0Gs-NHZQhmBksGtLMS13A_JRxXdaQ2Xxx0C-DM",
    "FCM_PROJECT_ID":"homeathome-9c1c0",
    "FCM_PROJECT_NUMBER":"898375398005",
    "FCM_WEB_PUSH_CERTIFICATE":"BB20y6j-T5PguJk5xcVYak_S4wPBGGozDFCgc8RzzZulRCyjrLLL6g1nKRdT3LF3H0BmldXD1V5xre6EdCHPYzo"
  }
  